<?xml version="1.0" encoding="UTF-8"?>
<!DOCTYPE suite SYSTEM "http://testng.org/testng-1.0.dtd">
<suite thread-count="1" verbose="1" name="DivComWebAutomationTestSuite">
	<parameter name="testDataInputFilePath" value="C:\\Users\\nsakthivel\\Documents\\TestData.xlsx"/>
	<parameter name="runEnvironment" value="Local"/>
	<listeners>
        <listener class-name="utils.TestOutputReportingUtils.TestListener"/>
    </listeners> 
    
	<test name="IOFMRegressionTests">
    
    	<parameter name="launchUrlWithUserCredentials"  value="https://divcomqa:8992r%26rJh%25Z8@iofm-staging.divcomstaging.com/"/>
        <parameter name="applicationCode" 				value="IOFM"/>
        <parameter name="homePageTitle" 				value="Institute of Finance &amp; Management"/>
        <parameter name="applicationURL" 				value="https://iofm-staging.divcomstaging.com"/>
        <parameter name="browser" 						value="chrome" />
		<parameter name="browserDriverEXEFilePath" 		value="C:\\Users\\nsakthivel\\Documents\\Narmada Files\\Selenium\\Selenium Browser Drivers\\"/>

        <groups>
	        <run>
	        	<include name="required"/>
	           	<exclude name="LoginValidations"/>
	            <exclude name="UserCreationValidations"/>	
	            <exclude name="ShippingAddressValidations"/>            	
	            <exclude name="BillingAddressValidations"/>
	            <exclude name="PaymentMethodValidations"/> 	            
	            <exclude name="IOFMMembershipValidations"/>
	            <exclude name="SubscriptionUpgradeValidations"/>
	            <exclude name="ProductPurchaseValidations"/>
	           	<exclude name="ProductSetUpValidations"/>
	           	<include name="BackendProductPurchaseValidations"/>
	        </run>
    	</groups>
    	
        <classes>
            <class name="tests.ApplicationInitialLaunchValidation"></class>   
            <class name="tests.CustomerValidations"></class> 
            <class name="tests.NewUserCreationValidations"></class> 
          	<class name="tests.BillingAddressAndPaymentProfileValidations"></class>  
            <class name="tests.ShippingAddressValidations"></class>    
            <class name="tests.ProductPurchaseValidations">
            	<methods>
            		<exclude name="MembershipProductPurchase"/>
           		</methods>
         	</class>   	   
            <class name="tests.MyAccountPageValidations"></class> 
            <class name="tests.ProductSetUpValidations"></class>       	     
      </classes>        
    </test>
    
    <test name="SSRegressionTests">
    
    	<parameter name="launchUrlWithUserCredentials"  value="https://divcomqa:8992r%26rJh%25Z8@seafoodsource.divcomstaging.com/"/>
        <parameter name="applicationCode" 				value="SS"/>
        <parameter name="homePageTitle" 				value="SeafoodSource"/>
        <parameter name="applicationURL" 				value="https://seafoodsource.divcomstaging.com"/>
        <parameter name="browser" 						value="chrome" />
		<parameter name="browserDriverEXEFilePath" 		value="C:\\Users\\nsakthivel\\Documents\\Narmada Files\\Selenium\\Selenium Browser Drivers\\" />
        
        <groups>
	        <run>
				<include name="required"/>
	           	<exclude name="LoginValidations"/>
	            <exclude name="UserCreationValidations"/>	
	            <exclude name="ShippingAddressValidations"/>            	
	            <exclude name="BillingAddressValidations"/>
	            <exclude name="PaymentMethodValidations"/> 	            
	            <exclude name="IOFMMembershipValidations"/>
	            <exclude name="SubscriptionUpgradeValidations"/>
	            <exclude name="ProductPurchaseValidations"/>
	            <exclude name="ProductSetUpValidations"/>	            
	           	<include name="BackendProductPurchaseValidations"/>
	        </run>
    	</groups>
    	
        <classes>
            <class name="tests.ApplicationInitialLaunchValidation"></class>   
            <class name="tests.CustomerValidations"></class> 
            <class name="tests.NewUserCreationValidations"> </class> 
          	<class name="tests.BillingAddressAndPaymentProfileValidations">
          	<methods>
          		<exclude name = "PayLaterOption" /> 
          		<exclude name = "IOFMMembershipProductPurchase" />          	
          	</methods>
          	
          	</class>  
            <class name="tests.ShippingAddressValidations"></class>    
            <class name="tests.ProductPurchaseValidations"></class>   
            <class name="tests.ProductSetUpValidations"></class>   	          	     
      </classes>        
  	 </test>

  	<test name="IPRegressionTests">
    
    	<parameter name="launchUrlWithUserCredentials"  value="https://divcomqa:8992r%26rJh%25Z8@ip-staging.divcomstaging.com/"/>
        <parameter name="applicationCode" 				value="IP"/>
        <parameter name="homePageTitle" 				value="Integrative Practitioner"/>
        <parameter name="applicationURL" 				value="https://ip-staging.divcomstaging.com"/>
        <parameter name="browser" 						value="chrome" />
		<parameter name="browserDriverEXEFilePath" 		value="C:\\Users\\nsakthivel\\Documents\\Narmada Files\\Selenium\\Selenium Browser Drivers\\" />
        
        <groups>
	        <run>
				<include name="required"/>
	           	<exclude name="LoginValidations"/>
	            <exclude name="UserCreationValidations"/>	
	            <exclude name="ShippingAddressValidations"/>            	
	            <exclude name="BillingAddressValidations"/>
	            <exclude name="PaymentMethodValidations"/> 	            
	            <exclude name="IOFMMembershipValidations"/>
	            <exclude name="SubscriptionUpgradeValidations"/>
	            <exclude name="ProductSetUpValidations"/>	            
	           	<include name="BackendProductPurchaseValidations"/>
	        </run>
    	</groups>
    	
        <classes>
            <class name="tests.ApplicationInitialLaunchValidation"></class>   
            <class name="tests.CustomerValidations"></class> 
            <class name="tests.NewUserCreationValidations"> </class> 
          	<class name="tests.BillingAddressAndPaymentProfileValidations">
          	<methods>
          		<exclude name = "PayLaterOption" /> 
          		<exclude name = "IOFMMembershipProductPurchase" />          	
          	</methods>
          	
          	</class>  
            <class name="tests.ShippingAddressValidations"></class>    
            <class name="tests.ProductPurchaseValidations"></class>   
            <class name="tests.ProductSetUpValidations"></class>   	          	     
      </classes>        
   	</test>
    
	<test name="ASAPRegressionTests">
  
  		<parameter name="launchUrlWithUserCredentials"  value="https://divcomqa:8992r%26rJh%25Z8@asap-staging.divcomstaging.com/"/>
      	<parameter name="applicationCode" 				value="ASAP"/>
      	<parameter name="homePageTitle" 				value="The American Society of Administrative Professionals"/>
      	<parameter name="applicationURL" 				value="https://asap-staging.divcomstaging.com"/>
      	<parameter name="browser" 						value="chrome" />
		<parameter name="browserDriverEXEFilePath" 		value="C:\\Users\\nsakthivel\\Documents\\Narmada Files\\Selenium\\Selenium Browser Drivers\\" />
      
      <groups>
	        <run>
				<include name="required"/>
	           	<exclude name="LoginValidations"/>
	            <exclude name="UserCreationValidations"/>	
	            <exclude name="ShippingAddressValidations"/>            	
	            <exclude name="BillingAddressValidations"/>
	            <exclude name="PaymentMethodValidations"/> 	            
	            <exclude name="IOFMMembershipValidations"/>
	            <exclude name="SubscriptionUpgradeValidations"/>
	            <exclude name="ProductSetUpValidations"/>	            
	          	<include name="BackendProductPurchaseValidations"/>
	        </run>
    	</groups>
    	
        <classes>
            <class name="tests.ApplicationInitialLaunchValidation"></class>   
            <class name="tests.CustomerValidations"></class> 
            <class name="tests.NewUserCreationValidations"> </class> 
          	<class name="tests.BillingAddressAndPaymentProfileValidations">
          	<methods>
          		<exclude name = "PayLaterOption" /> 
          		<exclude name = "IOFMMembershipProductPurchase" />          	
          	</methods>
          	
          	</class>  
            <class name="tests.ShippingAddressValidations"></class>    
            <class name="tests.ProductPurchaseValidations"></class>   
            <class name="tests.ProductSetUpValidations"></class>   	          	     
      </classes> 
      
  </test>
</suite>